{
  "description": "24-hour arrival-rate profile derived from the trained XGBoost regression model on the real UCI Metro Interstate Traffic Volume dataset. SHAPE is real (relative hour-of-day and weekday/weekend pattern from real traffic behaviour); MAGNITUDE is rescaled to 0.03-0.32 cars/sec to fit a single intersection approach, since the source data is an interstate highway at a much larger scale.",
  "raw_predicted_volume": {
    "weekday": [
      643.1798706054688,
      427.40618896484375,
      353.00634765625,
      404.09765625,
      891.2147216796875,
      2966.371826171875,
      5739.07177734375,
      6482.93017578125,
      5941.44921875,
      5267.42529296875,
      4647.70654296875,
      4846.58984375,
      5053.85009765625,
      5053.83154296875,
      5338.8310546875,
      5825.63720703125,
      6600.34814453125,
      6146.87939453125,
      4717.74609375,
      3528.762939453125,
      2983.308349609375,
      2738.27294921875,
      2054.516357421875,
      1276.220947265625
    ],
    "weekend": [
      1343.6727294921875,
      827.234130859375,
      676.3720703125,
      484.753173828125,
      475.17962646484375,
      853.825927734375,
      1490.9974365234375,
      2111.09814453125,
      2987.600341796875,
      3669.9609375,
      4174.29931640625,
      4537.26318359375,
      4754.689453125,
      4754.6708984375,
      4752.1494140625,
      4733.98046875,
      4770.9501953125,
      4620.92822265625,
      4281.02587890625,
      3635.8115234375,
      3185.2861328125,
      3141.700927734375,
      3072.6337890625,
      2259.40576171875
    ]
  },
  "normalized_arrival_rate_cars_per_sec": {
    "weekday": [
      0.0435,
      0.0335,
      0.03,
      0.0324,
      0.055,
      0.1513,
      0.28,
      0.3145,
      0.2894,
      0.2581,
      0.2294,
      0.2386,
      0.2482,
      0.2482,
      0.2614,
      0.284,
      0.32,
      0.299,
      0.2326,
      0.1774,
      0.1521,
      0.1407,
      0.109,
      0.0729
    ],
    "weekend": [
      0.076,
      0.052,
      0.045,
      0.0361,
      0.0357,
      0.0532,
      0.0828,
      0.1116,
      0.1523,
      0.184,
      0.2074,
      0.2242,
      0.2343,
      0.2343,
      0.2342,
      0.2334,
      0.2351,
      0.2281,
      0.2123,
      0.1824,
      0.1615,
      0.1595,
      0.1562,
      0.1185
    ]
  }
}