{
  "agent_avg_wait_sec": 8.150739057258805,
  "baseline_avg_wait_sec": 13.256154886867517,
  "agent_final_queue_mean": 2.6666666666666665,
  "baseline_final_queue_mean": 5.9,
  "wait_time_improvement_pct": 38.51354991835903
}