{
  "XGBoost": {
    "rmse": 446.3431100341978,
    "mae": 257.0467834472656,
    "r2": 0.9491455554962158
  }
}